[
	{ "value": "cmd/echo" },
	{ "value": "cmd/generic_sh" },
	{ "value": "cmd/ifs" },
	{ "value": "cmd/perl" },
	{ "value": "cmd/powershell_base64" },
	{ "value": "cmd/printf_php_mq" },
	{ "value": "generic/eicar" },
	{ "value": "generic/none" },
	{ "value": "mipsbe/byte_xori" },
	{ "value": "mipsbe/longxor" },
	{ "value": "mipsle/byte_xori" },
	{ "value": "mipsle/longxor" },
	{ "value": "php/base64" },
	{ "value": "ppc/longxor" },
	{ "value": "ppc/longxor_tag" },
	{ "value": "ruby/base64" },
	{ "value": "sparc/longxor_tag" },
	{ "value": "x64/xor" },
	{ "value": "x64/zutto_dekiru" },
	{ "value": "x86/add_sub" },
	{ "value": "x86/alpha_mixed" },
	{ "value": "x86/alpha_upper" },
	{ "value": "x86/avoid_underscore_tolower" },
	{ "value": "x86/avoid_utf8_tolower" },
	{ "value": "x86/bloxor" },
	{ "value": "x86/bmp_polyglot" },
	{ "value": "x86/call4_dword_xor" },
	{ "value": "x86/context_cpuid" },
	{ "value": "x86/context_stat" },
	{ "value": "x86/context_time" },
	{ "value": "x86/countdown" },
	{ "value": "x86/fnstenv_mov" },
	{ "value": "x86/jmp_call_additive" },
	{ "value": "x86/nonalpha" },
	{ "value": "x86/nonupper" },
	{ "value": "x86/opt_sub" },
	{ "value": "x86/service" },
	{ "value": "x86/shikata_ga_nai" },
	{ "value": "x86/single_static_bit" },
	{ "value": "x86/unicode_mixed" },
	{ "value": "x86/unicode_upper" }
]
