[
	{ "value": "asp" },
	{ "value": "aspx" },
	{ "value": "aspx-exe" },
	{ "value": "axis2" },
	{ "value": "bash" },
	{ "value": "c" },
	{ "value": "csharp" },
	{ "value": "dll" },
	{ "value": "dw" },
	{ "value": "dword" },
	{ "value": "elf" },
	{ "value": "elf-so" },
	{ "value": "exe" },
	{ "value": "exe-only" },
	{ "value": "exe-service" },
	{ "value": "exe-small" },
	{ "value": "hex" },
	{ "value": "hta-psh" },
	{ "value": "jar" },
	{ "value": "java" },
	{ "value": "js_be" },
	{ "value": "js_le" },
	{ "value": "jsp" },
	{ "value": "loop-vbs" },
	{ "value": "macho" },
	{ "value": "msi" },
	{ "value": "msi-nouac" },
	{ "value": "num" },
	{ "value": "osx-app" },
	{ "value": "perl" },
	{ "value": "pl" },
	{ "value": "powershell" },
	{ "value": "ps1" },
	{ "value": "psh" },
	{ "value": "psh-cmd" },
	{ "value": "psh-net" },
	{ "value": "psh-reflection" },
	{ "value": "py" },
	{ "value": "python" },
	{ "value": "raw" },
	{ "value": "rb" },
	{ "value": "ruby" },
	{ "value": "sh" },
	{ "value": "vba" },
	{ "value": "vba-exe" },
	{ "value": "vbapplication" },
	{ "value": "vba-psh" },
	{ "value": "vbs" },
	{ "value": "vbscript" },
	{ "value": "war" }
]
