[
	{ "value": "aix/ppc/shell_bind_tcp" },
	{ "value": "aix/ppc/shell_find_port" },
	{ "value": "aix/ppc/shell_interact" },
	{ "value": "aix/ppc/shell_reverse_tcp" },
	{ "value": "android/meterpreter/reverse_http" },
	{ "value": "android/meterpreter/reverse_https" },
	{ "value": "android/meterpreter/reverse_tcp" },
	{ "value": "android/meterpreter_reverse_http" },
	{ "value": "android/meterpreter_reverse_https" },
	{ "value": "android/meterpreter_reverse_tcp" },
	{ "value": "android/shell/reverse_http" },
	{ "value": "android/shell/reverse_https" },
	{ "value": "android/shell/reverse_tcp" },
	{ "value": "apple_ios/aarch64/meterpreter_reverse_http" },
	{ "value": "apple_ios/aarch64/meterpreter_reverse_https" },
	{ "value": "apple_ios/aarch64/meterpreter_reverse_tcp" },
	{ "value": "apple_ios/aarch64/shell_reverse_tcp" },
	{ "value": "bsd/sparc/shell_bind_tcp" },
	{ "value": "bsd/sparc/shell_reverse_tcp" },
	{ "value": "bsd/x64/exec" },
	{ "value": "bsd/x64/shell_bind_ipv6_tcp" },
	{ "value": "bsd/x64/shell_bind_tcp" },
	{ "value": "bsd/x64/shell_bind_tcp_small" },
	{ "value": "bsd/x64/shell_reverse_ipv6_tcp" },
	{ "value": "bsd/x64/shell_reverse_tcp" },
	{ "value": "bsd/x64/shell_reverse_tcp_small" },
	{ "value": "bsd/x86/exec" },
	{ "value": "bsd/x86/metsvc_bind_tcp" },
	{ "value": "bsd/x86/metsvc_reverse_tcp" },
	{ "value": "bsd/x86/shell/bind_ipv6_tcp" },
	{ "value": "bsd/x86/shell/bind_tcp" },
	{ "value": "bsd/x86/shell/find_tag" },
	{ "value": "bsd/x86/shell/reverse_ipv6_tcp" },
	{ "value": "bsd/x86/shell/reverse_tcp" },
	{ "value": "bsd/x86/shell_bind_tcp" },
	{ "value": "bsd/x86/shell_bind_tcp_ipv6" },
	{ "value": "bsd/x86/shell_find_port" },
	{ "value": "bsd/x86/shell_find_tag" },
	{ "value": "bsd/x86/shell_reverse_tcp" },
	{ "value": "bsd/x86/shell_reverse_tcp_ipv6" },
	{ "value": "bsdi/x86/shell/bind_tcp" },
	{ "value": "bsdi/x86/shell/reverse_tcp" },
	{ "value": "bsdi/x86/shell_bind_tcp" },
	{ "value": "bsdi/x86/shell_find_port" },
	{ "value": "bsdi/x86/shell_reverse_tcp" },
	{ "value": "cmd/mainframe/apf_privesc_jcl" },
	{ "value": "cmd/mainframe/bind_shell_jcl" },
	{ "value": "cmd/mainframe/generic_jcl" },
	{ "value": "cmd/mainframe/reverse_shell_jcl" },
	{ "value": "cmd/unix/bind_awk" },
	{ "value": "cmd/unix/bind_inetd" },
	{ "value": "cmd/unix/bind_lua" },
	{ "value": "cmd/unix/bind_netcat" },
	{ "value": "cmd/unix/bind_netcat_gaping" },
	{ "value": "cmd/unix/bind_netcat_gaping_ipv6" },
	{ "value": "cmd/unix/bind_nodejs" },
	{ "value": "cmd/unix/bind_perl" },
	{ "value": "cmd/unix/bind_perl_ipv6" },
	{ "value": "cmd/unix/bind_r" },
	{ "value": "cmd/unix/bind_ruby" },
	{ "value": "cmd/unix/bind_ruby_ipv6" },
	{ "value": "cmd/unix/bind_socat_udp" },
	{ "value": "cmd/unix/bind_stub" },
	{ "value": "cmd/unix/bind_zsh" },
	{ "value": "cmd/unix/generic" },
	{ "value": "cmd/unix/interact" },
	{ "value": "cmd/unix/reverse" },
	{ "value": "cmd/unix/reverse_awk" },
	{ "value": "cmd/unix/reverse_bash" },
	{ "value": "cmd/unix/reverse_bash_telnet_ssl" },
	{ "value": "cmd/unix/reverse_ksh" },
	{ "value": "cmd/unix/reverse_lua" },
	{ "value": "cmd/unix/reverse_ncat_ssl" },
	{ "value": "cmd/unix/reverse_netcat" },
	{ "value": "cmd/unix/reverse_netcat_gaping" },
	{ "value": "cmd/unix/reverse_nodejs" },
	{ "value": "cmd/unix/reverse_openssl" },
	{ "value": "cmd/unix/reverse_perl" },
	{ "value": "cmd/unix/reverse_perl_ssl" },
	{ "value": "cmd/unix/reverse_php_ssl" },
	{ "value": "cmd/unix/reverse_python" },
	{ "value": "cmd/unix/reverse_python_ssl" },
	{ "value": "cmd/unix/reverse_r" },
	{ "value": "cmd/unix/reverse_ruby" },
	{ "value": "cmd/unix/reverse_ruby_ssl" },
	{ "value": "cmd/unix/reverse_socat_udp" },
	{ "value": "cmd/unix/reverse_ssl_double_telnet" },
	{ "value": "cmd/unix/reverse_stub" },
	{ "value": "cmd/unix/reverse_zsh" },
	{ "value": "cmd/windows/adduser" },
	{ "value": "cmd/windows/bind_lua" },
	{ "value": "cmd/windows/bind_perl" },
	{ "value": "cmd/windows/bind_perl_ipv6" },
	{ "value": "cmd/windows/bind_ruby" },
	{ "value": "cmd/windows/download_eval_vbs" },
	{ "value": "cmd/windows/download_exec_vbs" },
	{ "value": "cmd/windows/generic" },
	{ "value": "cmd/windows/powershell_bind_tcp" },
	{ "value": "cmd/windows/powershell_reverse_tcp" },
	{ "value": "cmd/windows/reverse_lua" },
	{ "value": "cmd/windows/reverse_perl" },
	{ "value": "cmd/windows/reverse_powershell" },
	{ "value": "cmd/windows/reverse_ruby" },
	{ "value": "firefox/exec" },
	{ "value": "firefox/shell_bind_tcp" },
	{ "value": "firefox/shell_reverse_tcp" },
	{ "value": "generic/custom" },
	{ "value": "generic/debug_trap" },
	{ "value": "generic/shell_bind_tcp" },
	{ "value": "generic/shell_reverse_tcp" },
	{ "value": "generic/tight_loop" },
	{ "value": "java/jsp_shell_bind_tcp" },
	{ "value": "java/jsp_shell_reverse_tcp" },
	{ "value": "java/meterpreter/bind_tcp" },
	{ "value": "java/meterpreter/reverse_http" },
	{ "value": "java/meterpreter/reverse_https" },
	{ "value": "java/meterpreter/reverse_tcp" },
	{ "value": "java/shell/bind_tcp" },
	{ "value": "java/shell/reverse_tcp" },
	{ "value": "java/shell_reverse_tcp" },
	{ "value": "linux/aarch64/meterpreter/reverse_tcp" },
	{ "value": "linux/aarch64/meterpreter_reverse_http" },
	{ "value": "linux/aarch64/meterpreter_reverse_https" },
	{ "value": "linux/aarch64/meterpreter_reverse_tcp" },
	{ "value": "linux/aarch64/shell/reverse_tcp" },
	{ "value": "linux/aarch64/shell_reverse_tcp" },
	{ "value": "linux/armbe/meterpreter_reverse_http" },
	{ "value": "linux/armbe/meterpreter_reverse_https" },
	{ "value": "linux/armbe/meterpreter_reverse_tcp" },
	{ "value": "linux/armbe/shell_bind_tcp" },
	{ "value": "linux/armle/adduser" },
	{ "value": "linux/armle/exec" },
	{ "value": "linux/armle/meterpreter/bind_tcp" },
	{ "value": "linux/armle/meterpreter/reverse_tcp" },
	{ "value": "linux/armle/meterpreter_reverse_http" },
	{ "value": "linux/armle/meterpreter_reverse_https" },
	{ "value": "linux/armle/meterpreter_reverse_tcp" },
	{ "value": "linux/armle/shell/bind_tcp" },
	{ "value": "linux/armle/shell/reverse_tcp" },
	{ "value": "linux/armle/shell_bind_tcp" },
	{ "value": "linux/armle/shell_reverse_tcp" },
	{ "value": "linux/mips64/meterpreter_reverse_http" },
	{ "value": "linux/mips64/meterpreter_reverse_https" },
	{ "value": "linux/mips64/meterpreter_reverse_tcp" },
	{ "value": "linux/mipsbe/exec" },
	{ "value": "linux/mipsbe/meterpreter/reverse_tcp" },
	{ "value": "linux/mipsbe/meterpreter_reverse_http" },
	{ "value": "linux/mipsbe/meterpreter_reverse_https" },
	{ "value": "linux/mipsbe/meterpreter_reverse_tcp" },
	{ "value": "linux/mipsbe/reboot" },
	{ "value": "linux/mipsbe/shell/reverse_tcp" },
	{ "value": "linux/mipsbe/shell_bind_tcp" },
	{ "value": "linux/mipsbe/shell_reverse_tcp" },
	{ "value": "linux/mipsle/exec" },
	{ "value": "linux/mipsle/meterpreter/reverse_tcp" },
	{ "value": "linux/mipsle/meterpreter_reverse_http" },
	{ "value": "linux/mipsle/meterpreter_reverse_https" },
	{ "value": "linux/mipsle/meterpreter_reverse_tcp" },
	{ "value": "linux/mipsle/reboot" },
	{ "value": "linux/mipsle/shell/reverse_tcp" },
	{ "value": "linux/mipsle/shell_bind_tcp" },
	{ "value": "linux/mipsle/shell_reverse_tcp" },
	{ "value": "linux/ppc/meterpreter_reverse_http" },
	{ "value": "linux/ppc/meterpreter_reverse_https" },
	{ "value": "linux/ppc/meterpreter_reverse_tcp" },
	{ "value": "linux/ppc/shell_bind_tcp" },
	{ "value": "linux/ppc/shell_find_port" },
	{ "value": "linux/ppc/shell_reverse_tcp" },
	{ "value": "linux/ppc64/shell_bind_tcp" },
	{ "value": "linux/ppc64/shell_find_port" },
	{ "value": "linux/ppc64/shell_reverse_tcp" },
	{ "value": "linux/ppc64le/meterpreter_reverse_http" },
	{ "value": "linux/ppc64le/meterpreter_reverse_https" },
	{ "value": "linux/ppc64le/meterpreter_reverse_tcp" },
	{ "value": "linux/ppce500v2/meterpreter_reverse_http" },
	{ "value": "linux/ppce500v2/meterpreter_reverse_https" },
	{ "value": "linux/ppce500v2/meterpreter_reverse_tcp" },
	{ "value": "linux/x64/exec" },
	{ "value": "linux/x64/meterpreter/bind_tcp" },
	{ "value": "linux/x64/meterpreter/reverse_tcp" },
	{ "value": "linux/x64/meterpreter_reverse_http" },
	{ "value": "linux/x64/meterpreter_reverse_https" },
	{ "value": "linux/x64/meterpreter_reverse_tcp" },
	{ "value": "linux/x64/shell/bind_tcp" },
	{ "value": "linux/x64/shell/reverse_tcp" },
	{ "value": "linux/x64/shell_bind_tcp" },
	{ "value": "linux/x64/shell_bind_tcp_random_port" },
	{ "value": "linux/x64/shell_find_port" },
	{ "value": "linux/x64/shell_reverse_tcp" },
	{ "value": "linux/x86/adduser" },
	{ "value": "linux/x86/chmod" },
	{ "value": "linux/x86/exec" },
	{ "value": "linux/x86/meterpreter/bind_ipv6_tcp" },
	{ "value": "linux/x86/meterpreter/bind_ipv6_tcp_uuid" },
	{ "value": "linux/x86/meterpreter/bind_nonx_tcp" },
	{ "value": "linux/x86/meterpreter/bind_tcp" },
	{ "value": "linux/x86/meterpreter/bind_tcp_uuid" },
	{ "value": "linux/x86/meterpreter/find_tag" },
	{ "value": "linux/x86/meterpreter/reverse_ipv6_tcp" },
	{ "value": "linux/x86/meterpreter/reverse_nonx_tcp" },
	{ "value": "linux/x86/meterpreter/reverse_tcp" },
	{ "value": "linux/x86/meterpreter/reverse_tcp_uuid" },
	{ "value": "linux/x86/meterpreter_reverse_http" },
	{ "value": "linux/x86/meterpreter_reverse_https" },
	{ "value": "linux/x86/meterpreter_reverse_tcp" },
	{ "value": "linux/x86/metsvc_bind_tcp" },
	{ "value": "linux/x86/metsvc_reverse_tcp" },
	{ "value": "linux/x86/read_file" },
	{ "value": "linux/x86/shell/bind_ipv6_tcp" },
	{ "value": "linux/x86/shell/bind_ipv6_tcp_uuid" },
	{ "value": "linux/x86/shell/bind_nonx_tcp" },
	{ "value": "linux/x86/shell/bind_tcp" },
	{ "value": "linux/x86/shell/bind_tcp_uuid" },
	{ "value": "linux/x86/shell/find_tag" },
	{ "value": "linux/x86/shell/reverse_ipv6_tcp" },
	{ "value": "linux/x86/shell/reverse_nonx_tcp" },
	{ "value": "linux/x86/shell/reverse_tcp" },
	{ "value": "linux/x86/shell/reverse_tcp_uuid" },
	{ "value": "linux/x86/shell_bind_ipv6_tcp" },
	{ "value": "linux/x86/shell_bind_tcp" },
	{ "value": "linux/x86/shell_bind_tcp_random_port" },
	{ "value": "linux/x86/shell_find_port" },
	{ "value": "linux/x86/shell_find_tag" },
	{ "value": "linux/x86/shell_reverse_tcp" },
	{ "value": "linux/x86/shell_reverse_tcp_ipv6" },
	{ "value": "linux/zarch/meterpreter_reverse_http" },
	{ "value": "linux/zarch/meterpreter_reverse_https" },
	{ "value": "linux/zarch/meterpreter_reverse_tcp" },
	{ "value": "mainframe/shell_reverse_tcp" },
	{ "value": "multi/meterpreter/reverse_http" },
	{ "value": "multi/meterpreter/reverse_https" },
	{ "value": "netware/shell/reverse_tcp" },
	{ "value": "nodejs/shell_bind_tcp" },
	{ "value": "nodejs/shell_reverse_tcp" },
	{ "value": "nodejs/shell_reverse_tcp_ssl" },
	{ "value": "osx/armle/execute/bind_tcp" },
	{ "value": "osx/armle/execute/reverse_tcp" },
	{ "value": "osx/armle/shell/bind_tcp" },
	{ "value": "osx/armle/shell/reverse_tcp" },
	{ "value": "osx/armle/shell_bind_tcp" },
	{ "value": "osx/armle/shell_reverse_tcp" },
	{ "value": "osx/armle/vibrate" },
	{ "value": "osx/ppc/shell/bind_tcp" },
	{ "value": "osx/ppc/shell/find_tag" },
	{ "value": "osx/ppc/shell/reverse_tcp" },
	{ "value": "osx/ppc/shell_bind_tcp" },
	{ "value": "osx/ppc/shell_reverse_tcp" },
	{ "value": "osx/x64/dupandexecve/bind_tcp" },
	{ "value": "osx/x64/dupandexecve/reverse_tcp" },
	{ "value": "osx/x64/exec" },
	{ "value": "osx/x64/meterpreter/bind_tcp" },
	{ "value": "osx/x64/meterpreter/reverse_tcp" },
	{ "value": "osx/x64/meterpreter_reverse_http" },
	{ "value": "osx/x64/meterpreter_reverse_https" },
	{ "value": "osx/x64/meterpreter_reverse_tcp" },
	{ "value": "osx/x64/say" },
	{ "value": "osx/x64/shell_bind_tcp" },
	{ "value": "osx/x64/shell_find_tag" },
	{ "value": "osx/x64/shell_reverse_tcp" },
	{ "value": "osx/x86/bundleinject/bind_tcp" },
	{ "value": "osx/x86/bundleinject/reverse_tcp" },
	{ "value": "osx/x86/exec" },
	{ "value": "osx/x86/isight/bind_tcp" },
	{ "value": "osx/x86/isight/reverse_tcp" },
	{ "value": "osx/x86/shell_bind_tcp" },
	{ "value": "osx/x86/shell_find_port" },
	{ "value": "osx/x86/shell_reverse_tcp" },
	{ "value": "osx/x86/vforkshell/bind_tcp" },
	{ "value": "osx/x86/vforkshell/reverse_tcp" },
	{ "value": "osx/x86/vforkshell_bind_tcp" },
	{ "value": "osx/x86/vforkshell_reverse_tcp" },
	{ "value": "php/bind_perl" },
	{ "value": "php/bind_perl_ipv6" },
	{ "value": "php/bind_php" },
	{ "value": "php/bind_php_ipv6" },
	{ "value": "php/download_exec" },
	{ "value": "php/exec" },
	{ "value": "php/meterpreter/bind_tcp" },
	{ "value": "php/meterpreter/bind_tcp_ipv6" },
	{ "value": "php/meterpreter/bind_tcp_ipv6_uuid" },
	{ "value": "php/meterpreter/bind_tcp_uuid" },
	{ "value": "php/meterpreter/reverse_tcp" },
	{ "value": "php/meterpreter/reverse_tcp_uuid" },
	{ "value": "php/meterpreter_reverse_tcp" },
	{ "value": "php/reverse_perl" },
	{ "value": "php/reverse_php" },
	{ "value": "php/shell_findsock" },
	{ "value": "python/meterpreter/bind_tcp" },
	{ "value": "python/meterpreter/bind_tcp_uuid" },
	{ "value": "python/meterpreter/reverse_http" },
	{ "value": "python/meterpreter/reverse_https" },
	{ "value": "python/meterpreter/reverse_tcp" },
	{ "value": "python/meterpreter/reverse_tcp_ssl" },
	{ "value": "python/meterpreter/reverse_tcp_uuid" },
	{ "value": "python/meterpreter_bind_tcp" },
	{ "value": "python/meterpreter_reverse_http" },
	{ "value": "python/meterpreter_reverse_https" },
	{ "value": "python/meterpreter_reverse_tcp" },
	{ "value": "python/shell_bind_tcp" },
	{ "value": "python/shell_reverse_tcp" },
	{ "value": "python/shell_reverse_tcp_ssl" },
	{ "value": "python/shell_reverse_udp" },
	{ "value": "r/shell_bind_tcp" },
	{ "value": "r/shell_reverse_tcp" },
	{ "value": "ruby/shell_bind_tcp" },
	{ "value": "ruby/shell_bind_tcp_ipv6" },
	{ "value": "ruby/shell_reverse_tcp" },
	{ "value": "ruby/shell_reverse_tcp_ssl" },
	{ "value": "solaris/sparc/shell_bind_tcp" },
	{ "value": "solaris/sparc/shell_find_port" },
	{ "value": "solaris/sparc/shell_reverse_tcp" },
	{ "value": "solaris/x86/shell_bind_tcp" },
	{ "value": "solaris/x86/shell_find_port" },
	{ "value": "solaris/x86/shell_reverse_tcp" },
	{ "value": "tty/unix/interact" },
	{ "value": "windows/adduser" },
	{ "value": "windows/dllinject/bind_hidden_ipknock_tcp" },
	{ "value": "windows/dllinject/bind_hidden_tcp" },
	{ "value": "windows/dllinject/bind_ipv6_tcp" },
	{ "value": "windows/dllinject/bind_ipv6_tcp_uuid" },
	{ "value": "windows/dllinject/bind_named_pipe" },
	{ "value": "windows/dllinject/bind_nonx_tcp" },
	{ "value": "windows/dllinject/bind_tcp" },
	{ "value": "windows/dllinject/bind_tcp_rc4" },
	{ "value": "windows/dllinject/bind_tcp_uuid" },
	{ "value": "windows/dllinject/find_tag" },
	{ "value": "windows/dllinject/reverse_hop_http" },
	{ "value": "windows/dllinject/reverse_http" },
	{ "value": "windows/dllinject/reverse_http_proxy_pstore" },
	{ "value": "windows/dllinject/reverse_ipv6_tcp" },
	{ "value": "windows/dllinject/reverse_nonx_tcp" },
	{ "value": "windows/dllinject/reverse_ord_tcp" },
	{ "value": "windows/dllinject/reverse_tcp" },
	{ "value": "windows/dllinject/reverse_tcp_allports" },
	{ "value": "windows/dllinject/reverse_tcp_dns" },
	{ "value": "windows/dllinject/reverse_tcp_rc4" },
	{ "value": "windows/dllinject/reverse_tcp_rc4_dns" },
	{ "value": "windows/dllinject/reverse_tcp_uuid" },
	{ "value": "windows/dllinject/reverse_udp" },
	{ "value": "windows/dllinject/reverse_winhttp" },
	{ "value": "windows/dns_txt_query_exec" },
	{ "value": "windows/download_exec" },
	{ "value": "windows/exec" },
	{ "value": "windows/format_all_drives" },
	{ "value": "windows/loadlibrary" },
	{ "value": "windows/messagebox" },
	{ "value": "windows/meterpreter/bind_hidden_ipknock_tcp" },
	{ "value": "windows/meterpreter/bind_hidden_tcp" },
	{ "value": "windows/meterpreter/bind_ipv6_tcp" },
	{ "value": "windows/meterpreter/bind_ipv6_tcp_uuid" },
	{ "value": "windows/meterpreter/bind_named_pipe" },
	{ "value": "windows/meterpreter/bind_nonx_tcp" },
	{ "value": "windows/meterpreter/bind_tcp" },
	{ "value": "windows/meterpreter/bind_tcp_rc4" },
	{ "value": "windows/meterpreter/bind_tcp_uuid" },
	{ "value": "windows/meterpreter/find_tag" },
	{ "value": "windows/meterpreter/reverse_hop_http" },
	{ "value": "windows/meterpreter/reverse_http" },
	{ "value": "windows/meterpreter/reverse_http_proxy_pstore" },
	{ "value": "windows/meterpreter/reverse_https" },
	{ "value": "windows/meterpreter/reverse_https_proxy" },
	{ "value": "windows/meterpreter/reverse_ipv6_tcp" },
	{ "value": "windows/meterpreter/reverse_named_pipe" },
	{ "value": "windows/meterpreter/reverse_nonx_tcp" },
	{ "value": "windows/meterpreter/reverse_ord_tcp" },
	{ "value": "windows/meterpreter/reverse_tcp" },
	{ "value": "windows/meterpreter/reverse_tcp_allports" },
	{ "value": "windows/meterpreter/reverse_tcp_dns" },
	{ "value": "windows/meterpreter/reverse_tcp_rc4" },
	{ "value": "windows/meterpreter/reverse_tcp_rc4_dns" },
	{ "value": "windows/meterpreter/reverse_tcp_uuid" },
	{ "value": "windows/meterpreter/reverse_udp" },
	{ "value": "windows/meterpreter/reverse_winhttp" },
	{ "value": "windows/meterpreter/reverse_winhttps" },
	{ "value": "windows/meterpreter_bind_named_pipe" },
	{ "value": "windows/meterpreter_bind_tcp" },
	{ "value": "windows/meterpreter_reverse_http" },
	{ "value": "windows/meterpreter_reverse_https" },
	{ "value": "windows/meterpreter_reverse_ipv6_tcp" },
	{ "value": "windows/meterpreter_reverse_tcp" },
	{ "value": "windows/metsvc_bind_tcp" },
	{ "value": "windows/metsvc_reverse_tcp" },
	{ "value": "windows/patchupdllinject/bind_hidden_ipknock_tcp" },
	{ "value": "windows/patchupdllinject/bind_hidden_tcp" },
	{ "value": "windows/patchupdllinject/bind_ipv6_tcp" },
	{ "value": "windows/patchupdllinject/bind_ipv6_tcp_uuid" },
	{ "value": "windows/patchupdllinject/bind_named_pipe" },
	{ "value": "windows/patchupdllinject/bind_nonx_tcp" },
	{ "value": "windows/patchupdllinject/bind_tcp" },
	{ "value": "windows/patchupdllinject/bind_tcp_rc4" },
	{ "value": "windows/patchupdllinject/bind_tcp_uuid" },
	{ "value": "windows/patchupdllinject/find_tag" },
	{ "value": "windows/patchupdllinject/reverse_ipv6_tcp" },
	{ "value": "windows/patchupdllinject/reverse_nonx_tcp" },
	{ "value": "windows/patchupdllinject/reverse_ord_tcp" },
	{ "value": "windows/patchupdllinject/reverse_tcp" },
	{ "value": "windows/patchupdllinject/reverse_tcp_allports" },
	{ "value": "windows/patchupdllinject/reverse_tcp_dns" },
	{ "value": "windows/patchupdllinject/reverse_tcp_rc4" },
	{ "value": "windows/patchupdllinject/reverse_tcp_rc4_dns" },
	{ "value": "windows/patchupdllinject/reverse_tcp_uuid" },
	{ "value": "windows/patchupdllinject/reverse_udp" },
	{ "value": "windows/patchupmeterpreter/bind_hidden_ipknock_tcp" },
	{ "value": "windows/patchupmeterpreter/bind_hidden_tcp" },
	{ "value": "windows/patchupmeterpreter/bind_ipv6_tcp" },
	{ "value": "windows/patchupmeterpreter/bind_ipv6_tcp_uuid" },
	{ "value": "windows/patchupmeterpreter/bind_named_pipe" },
	{ "value": "windows/patchupmeterpreter/bind_nonx_tcp" },
	{ "value": "windows/patchupmeterpreter/bind_tcp" },
	{ "value": "windows/patchupmeterpreter/bind_tcp_rc4" },
	{ "value": "windows/patchupmeterpreter/bind_tcp_uuid" },
	{ "value": "windows/patchupmeterpreter/find_tag" },
	{ "value": "windows/patchupmeterpreter/reverse_ipv6_tcp" },
	{ "value": "windows/patchupmeterpreter/reverse_nonx_tcp" },
	{ "value": "windows/patchupmeterpreter/reverse_ord_tcp" },
	{ "value": "windows/patchupmeterpreter/reverse_tcp" },
	{ "value": "windows/patchupmeterpreter/reverse_tcp_allports" },
	{ "value": "windows/patchupmeterpreter/reverse_tcp_dns" },
	{ "value": "windows/patchupmeterpreter/reverse_tcp_rc4" },
	{ "value": "windows/patchupmeterpreter/reverse_tcp_rc4_dns" },
	{ "value": "windows/patchupmeterpreter/reverse_tcp_uuid" },
	{ "value": "windows/patchupmeterpreter/reverse_udp" },
	{ "value": "windows/powershell_bind_tcp" },
	{ "value": "windows/powershell_reverse_tcp" },
	{ "value": "windows/shell/bind_hidden_ipknock_tcp" },
	{ "value": "windows/shell/bind_hidden_tcp" },
	{ "value": "windows/shell/bind_ipv6_tcp" },
	{ "value": "windows/shell/bind_ipv6_tcp_uuid" },
	{ "value": "windows/shell/bind_named_pipe" },
	{ "value": "windows/shell/bind_nonx_tcp" },
	{ "value": "windows/shell/bind_tcp" },
	{ "value": "windows/shell/bind_tcp_rc4" },
	{ "value": "windows/shell/bind_tcp_uuid" },
	{ "value": "windows/shell/find_tag" },
	{ "value": "windows/shell/reverse_ipv6_tcp" },
	{ "value": "windows/shell/reverse_nonx_tcp" },
	{ "value": "windows/shell/reverse_ord_tcp" },
	{ "value": "windows/shell/reverse_tcp" },
	{ "value": "windows/shell/reverse_tcp_allports" },
	{ "value": "windows/shell/reverse_tcp_dns" },
	{ "value": "windows/shell/reverse_tcp_rc4" },
	{ "value": "windows/shell/reverse_tcp_rc4_dns" },
	{ "value": "windows/shell/reverse_tcp_uuid" },
	{ "value": "windows/shell/reverse_udp" },
	{ "value": "windows/shell_bind_tcp" },
	{ "value": "windows/shell_bind_tcp_xpfw" },
	{ "value": "windows/shell_hidden_bind_tcp" },
	{ "value": "windows/shell_reverse_tcp" },
	{ "value": "windows/speak_pwned" },
	{ "value": "windows/upexec/bind_hidden_ipknock_tcp" },
	{ "value": "windows/upexec/bind_hidden_tcp" },
	{ "value": "windows/upexec/bind_ipv6_tcp" },
	{ "value": "windows/upexec/bind_ipv6_tcp_uuid" },
	{ "value": "windows/upexec/bind_named_pipe" },
	{ "value": "windows/upexec/bind_nonx_tcp" },
	{ "value": "windows/upexec/bind_tcp" },
	{ "value": "windows/upexec/bind_tcp_rc4" },
	{ "value": "windows/upexec/bind_tcp_uuid" },
	{ "value": "windows/upexec/find_tag" },
	{ "value": "windows/upexec/reverse_ipv6_tcp" },
	{ "value": "windows/upexec/reverse_nonx_tcp" },
	{ "value": "windows/upexec/reverse_ord_tcp" },
	{ "value": "windows/upexec/reverse_tcp" },
	{ "value": "windows/upexec/reverse_tcp_allports" },
	{ "value": "windows/upexec/reverse_tcp_dns" },
	{ "value": "windows/upexec/reverse_tcp_rc4" },
	{ "value": "windows/upexec/reverse_tcp_rc4_dns" },
	{ "value": "windows/upexec/reverse_tcp_uuid" },
	{ "value": "windows/upexec/reverse_udp" },
	{ "value": "windows/vncinject/bind_hidden_ipknock_tcp" },
	{ "value": "windows/vncinject/bind_hidden_tcp" },
	{ "value": "windows/vncinject/bind_ipv6_tcp" },
	{ "value": "windows/vncinject/bind_ipv6_tcp_uuid" },
	{ "value": "windows/vncinject/bind_named_pipe" },
	{ "value": "windows/vncinject/bind_nonx_tcp" },
	{ "value": "windows/vncinject/bind_tcp" },
	{ "value": "windows/vncinject/bind_tcp_rc4" },
	{ "value": "windows/vncinject/bind_tcp_uuid" },
	{ "value": "windows/vncinject/find_tag" },
	{ "value": "windows/vncinject/reverse_hop_http" },
	{ "value": "windows/vncinject/reverse_http" },
	{ "value": "windows/vncinject/reverse_http_proxy_pstore" },
	{ "value": "windows/vncinject/reverse_ipv6_tcp" },
	{ "value": "windows/vncinject/reverse_nonx_tcp" },
	{ "value": "windows/vncinject/reverse_ord_tcp" },
	{ "value": "windows/vncinject/reverse_tcp" },
	{ "value": "windows/vncinject/reverse_tcp_allports" },
	{ "value": "windows/vncinject/reverse_tcp_dns" },
	{ "value": "windows/vncinject/reverse_tcp_rc4" },
	{ "value": "windows/vncinject/reverse_tcp_rc4_dns" },
	{ "value": "windows/vncinject/reverse_tcp_uuid" },
	{ "value": "windows/vncinject/reverse_udp" },
	{ "value": "windows/vncinject/reverse_winhttp" },
	{ "value": "windows/x64/exec" },
	{ "value": "windows/x64/loadlibrary" },
	{ "value": "windows/x64/meterpreter/bind_ipv6_tcp" },
	{ "value": "windows/x64/meterpreter/bind_ipv6_tcp_uuid" },
	{ "value": "windows/x64/meterpreter/bind_named_pipe" },
	{ "value": "windows/x64/meterpreter/bind_tcp" },
	{ "value": "windows/x64/meterpreter/bind_tcp_uuid" },
	{ "value": "windows/x64/meterpreter/reverse_http" },
	{ "value": "windows/x64/meterpreter/reverse_https" },
	{ "value": "windows/x64/meterpreter/reverse_named_pipe" },
	{ "value": "windows/x64/meterpreter/reverse_tcp" },
	{ "value": "windows/x64/meterpreter/reverse_tcp_rc4" },
	{ "value": "windows/x64/meterpreter/reverse_tcp_uuid" },
	{ "value": "windows/x64/meterpreter/reverse_winhttp" },
	{ "value": "windows/x64/meterpreter/reverse_winhttps" },
	{ "value": "windows/x64/meterpreter_bind_named_pipe" },
	{ "value": "windows/x64/meterpreter_bind_tcp" },
	{ "value": "windows/x64/meterpreter_reverse_http" },
	{ "value": "windows/x64/meterpreter_reverse_https" },
	{ "value": "windows/x64/meterpreter_reverse_ipv6_tcp" },
	{ "value": "windows/x64/meterpreter_reverse_tcp" },
	{ "value": "windows/x64/powershell_bind_tcp" },
	{ "value": "windows/x64/powershell_reverse_tcp" },
	{ "value": "windows/x64/shell/bind_ipv6_tcp" },
	{ "value": "windows/x64/shell/bind_ipv6_tcp_uuid" },
	{ "value": "windows/x64/shell/bind_named_pipe" },
	{ "value": "windows/x64/shell/bind_tcp" },
	{ "value": "windows/x64/shell/bind_tcp_uuid" },
	{ "value": "windows/x64/shell/reverse_tcp" },
	{ "value": "windows/x64/shell/reverse_tcp_rc4" },
	{ "value": "windows/x64/shell/reverse_tcp_uuid" },
	{ "value": "windows/x64/shell_bind_tcp" },
	{ "value": "windows/x64/shell_reverse_tcp" },
	{ "value": "windows/x64/vncinject/bind_ipv6_tcp" },
	{ "value": "windows/x64/vncinject/bind_ipv6_tcp_uuid" },
	{ "value": "windows/x64/vncinject/bind_named_pipe" },
	{ "value": "windows/x64/vncinject/bind_tcp" },
	{ "value": "windows/x64/vncinject/bind_tcp_uuid" },
	{ "value": "windows/x64/vncinject/reverse_http" },
	{ "value": "windows/x64/vncinject/reverse_https" },
	{ "value": "windows/x64/vncinject/reverse_tcp" },
	{ "value": "windows/x64/vncinject/reverse_tcp_rc4" },
	{ "value": "windows/x64/vncinject/reverse_tcp_uuid" },
	{ "value": "windows/x64/vncinject/reverse_winhttp" },
	{ "value": "windows/x64/vncinject/reverse_winhttps" }
]
