[
	{ "value": "aix" },
	{ "value": "android" },
	{ "value": "apple_ios" },
	{ "value": "bsd" },
	{ "value": "bsdi" },
	{ "value": "cisco" },
	{ "value": "firefox" },
	{ "value": "freebsd" },
	{ "value": "hardware" },
	{ "value": "hpux" },
	{ "value": "irix" },
	{ "value": "java" },
	{ "value": "javascript" },
	{ "value": "juniper" },
	{ "value": "linux" },
	{ "value": "mainframe" },
	{ "value": "multi" },
	{ "value": "netbsd" },
	{ "value": "netware" },
	{ "value": "nodejs" },
	{ "value": "openbsd" },
	{ "value": "osx" },
	{ "value": "php" },
	{ "value": "python" },
	{ "value": "r" },
	{ "value": "ruby" },
	{ "value": "solaris" },
	{ "value": "unix" },
	{ "value": "windows" }
]
